title,author,href,ptime,push_num
[爆卦] 山東監獄武漢肺炎207例新增,iamshana,/bbs/Gossiping/M.1582251784.A.981.html, 2/21,19
[新聞] 再有2軍人確診 南韓軍隊明起禁官兵休假外,runa2,/bbs/Gossiping/M.1582251820.A.848.html, 2/21,9
[問卦] 美國CDC 日本1級警示台灣為什麼不提升?,laverne1,/bbs/Gossiping/M.1582251836.A.75C.html, 2/21,8
[新聞] 香港防暴警察首度確診　發燒仍參加警聚與,VladGuerrero,/bbs/Gossiping/M.1582251882.A.A97.html, 2/21,8
Re: [問卦] 不停航嗎？,oooo,/bbs/Gossiping/M.1582251891.A.9EB.html, 2/21,
Re: [問卦] 武統台灣已成大陸社會共識！,vaiking0120,/bbs/Gossiping/M.1582251931.A.933.html, 2/21,3
[新聞] 誠念「九字真言」治癒疫病的神奇故事,mykey8585,/bbs/Gossiping/M.1582251937.A.15D.html, 2/21,9
[問卦] 與中國口徑一致的中共同路人484很明顯了,hyoerious,/bbs/Gossiping/M.1582251973.A.682.html, 2/21,1
Re: [新聞] 政院拍板 遇重大建設 國土計畫法可隨時,drea,/bbs/Gossiping/M.1582251986.A.051.html, 2/21,
Re: [問卦] 中國投票高達85%支持武統台灣要怕嗎,Nagasumi,/bbs/Gossiping/M.1582251999.A.BF6.html, 2/21,
[問卦] 該檢舉我們公司女主管嗎？,b8301013,/bbs/Gossiping/M.1582251999.A.701.html, 2/21,6
Re: [問卦] 碳佐麻里 vs 屋馬,tachikoma,/bbs/Gossiping/M.1582252006.A.C3D.html, 2/21,1
[問卦] 像馬英九這樣從來沒有失敗的人生，爽嗎??,vega0501,/bbs/Gossiping/M.1582252018.A.D32.html, 2/21,8
[新聞]令人髮指！他硬上同居人女兒 還先問是否處,SakuraYui,/bbs/Gossiping/M.1582252064.A.D50.html, 2/21,6
Re: [問卦] 房仲這職業有什麼屁用嗎？,doraBBO,/bbs/Gossiping/M.1582252077.A.0C0.html, 2/21,
[爆卦] 好可怕的關聯,butt1106,/bbs/Gossiping/M.1582252118.A.488.html, 2/21,5
[問卦] 兩個黃種人在火車大聲用英文..,neutron,/bbs/Gossiping/M.1582252134.A.C7B.html, 2/21,1
[新聞] 新國會開議 高虹安力推「愛的迫降」,linhu8883324,/bbs/Gossiping/M.1582252141.A.A4F.html, 2/21,2
Re: [新聞] 新北失聯男「管永安」找到了！藏身淡水橋,ryohgi,/bbs/Gossiping/M.1582252169.A.4DE.html, 2/21,2
[新聞] 大S狂掃口罩被罵翻 噤聲1月現身「一刀剪,Rostislav,/bbs/Gossiping/M.1582252193.A.AC2.html, 2/21,
[公告] 關於板上疫情相關問卦&八卦板板規,arsonlolita,/bbs/Gossiping/M.1580443754.A.30D.html, 1/31,5
[公告] 武漢肺炎討論專區&二月份置底閒聊文,Bignana,/bbs/Gossiping/M.1580672851.A.909.html, 2/03,X3
[徵求] 行車記錄器 國道北上17.7K 晚上18:3,berger200350,/bbs/Gossiping/M.1581497232.A.D82.html, 2/12,8
[徵求] 行車記錄器 台中市向上路6段往中沙路,xodd123456,/bbs/Gossiping/M.1581499831.A.700.html, 2/12,23
